"Year","et.acftyr","precip.acftyr"
2015,271507.357644767,74596.2022615538
2016,261614.657479045,64674.7090614955
2017,321850.887227357,70830.7767118646
2018,224578.471610913,39495.0299926872
