"Month","precip.acftmo","et.acftmo"
1,9272.07825131453,4102.52161414393
2,5695.14773505745,7305.14440443381
3,6610.22783751075,17588.0803884398
4,7516.24166757281,27241.6351854273
5,8555.9544597937,38205.9123717598
6,1342.76821977828,48954.0504581428
7,2032.51225449077,47738.001940626
8,3147.1022704757,38690.1111454373
9,7291.1156288171,24494.1514671404
10,2757.63393811479,12540.3255792358
11,4820.66003186301,5151.62914639175
12,7003.08093947442,3065.69129433179
