"NPDES.Name","WS_Name","load.TP.tonyr","load.TDP.tonyr","load.TKN.tonyr"
"OREM CITY CORP","Powell Slough Major",45.9247769316758,25.6988787938763,279.520056691932
"PacifiCorp Energy","Lindon Drain",3.04834035142363,0,0
"PROVO CITY CORP","Mill Race",51.8830925888967,39.1904472577285,318.305447953238
"SALEM CITY CORP & PAYSON POWER PROJECT","Benjamin Slough",1.50784880743872,1.24197346412433,6.2147258516062
"SPANISH FORK CITY CORP","Dry Creek - Spanish Fork",20.1367356802608,13.6164244084896,132.538534853953
"SPRINGVILLE- CITY OF","Hobble Creek",21.5468168903384,16.1293159188936,85.0385380347735
"TIMPANOGOS SPECIAL SERVICE DIS","Timp SSD",108.933085670975,25.1366465536011,575.507479355002
